{
    "appenders": {
        "info": {
            "type": "dateFile",
            "filename": "./logs/nodeServer",
            "encoding": "utf-8",
            "pattern": "yyyyMMdd.log",
            "maxLogSize": 10000000,
            "alwaysIncludePattern": true,
            "layout": {
                "type": "pattern",
                "pattern": "[%d{yyyy-MM-dd hh:mm:ss}][%c %5p]%m"
            },
            "compress": true
        }
    },
    "categories": {
        "default": {
            "appenders": [ "info" ],
            "level": "INFO"
        }
    }
}